open_time,open,high,low,close,volume
1747954800000,1.5251000,1.5626000,1.5251000,1.5553000,7834838.7
1747958400000,1.5555000,1.5697000,1.5342000,1.5479000,9292642.2
1747962000000,1.5478000,1.5816000,1.5465000,1.5755000,8919825.3
1747965600000,1.5753000,1.6375000,1.5726000,1.6030000,26661434.2
1747969200000,1.6029000,1.6408000,1.5938000,1.6182000,12728321.8
1747972800000,1.6183000,1.6211000,1.5667000,1.5827000,14149205.6
1747976400000,1.5827000,1.5872000,1.5562000,1.5770000,9250214.3
1747980000000,1.5771000,1.5779000,1.5513000,1.5641000,9551679.2
1747983600000,1.5641000,1.5877000,1.5498000,1.5585000,10191287.4
1747987200000,1.5586000,1.6107000,1.5585000,1.6066000,12073296.7
1747990800000,1.6065000,1.6492000,1.6018000,1.6458000,14065213.0
1747994400000,1.6459000,1.6474000,1.6091000,1.6165000,12492164.4
1747998000000,1.6164000,1.6222000,1.5256000,1.5359000,38302343.8
1748001600000,1.5360000,1.5676000,1.4706000,1.5344000,75136674.2
1748005200000,1.5344000,1.6006000,1.5187000,1.5998000,29044878.8
1748008800000,1.5997000,1.6326000,1.5775000,1.6188000,22247052.1
1748012400000,1.6187000,1.6341000,1.5580000,1.5585000,23904187.0
1748016000000,1.5583000,1.5749000,1.5072000,1.5651000,36028863.2
1748019600000,1.5650000,1.5803000,1.5344000,1.5410000,13173986.3
1748023200000,1.5409000,1.5542000,1.5145000,1.5288000,13425574.1
1748026800000,1.5289000,1.5456000,1.5151000,1.5236000,10584462.9
1748030400000,1.5235000,1.5244000,1.4930000,1.5072000,11536906.3
1748034000000,1.5072000,1.5289000,1.4928000,1.5030000,11628804.3
1748037600000,1.5031000,1.5246000,1.4721000,1.4805000,12010309.3
1748041200000,1.4808000,1.4832000,1.4461000,1.4714000,20192539.0
1748044800000,1.4714000,1.4978000,1.4568000,1.4751000,17064137.8
1748048400000,1.4751000,1.4871000,1.4593000,1.4624000,8957222.3
1748052000000,1.4623000,1.4769000,1.4510000,1.4610000,9164571.4
1748055600000,1.4608000,1.4901000,1.4568000,1.4804000,8336293.1
1748059200000,1.4802000,1.5117000,1.4722000,1.5038000,9625163.2
1748062800000,1.5037000,1.5092000,1.4532000,1.4727000,12607847.9
1748066400000,1.4724000,1.4799000,1.4550000,1.4685000,6795746.9
1748070000000,1.4685000,1.4806000,1.4393000,1.4529000,11232229.0
1748073600000,1.4530000,1.4614000,1.4257000,1.4579000,15413982.3
1748077200000,1.4580000,1.4632000,1.4476000,1.4537000,7133009.6
1748080800000,1.4537000,1.5049000,1.4474000,1.4933000,15422586.9
1748084400000,1.4934000,1.5076000,1.4789000,1.4810000,9799304.7
1748088000000,1.4809000,1.4856000,1.4600000,1.4776000,11779489.2
1748091600000,1.4774000,1.4792000,1.4560000,1.4566000,6204210.3
1748095200000,1.4566000,1.4811000,1.4541000,1.4772000,9947484.3
1748098800000,1.4771000,1.4857000,1.4581000,1.4704000,7812828.8
1748102400000,1.4704000,1.4741000,1.4351000,1.4687000,14080743.5
1748106000000,1.4686000,1.4995000,1.4686000,1.4786000,13730626.9
1748109600000,1.4786000,1.5026000,1.4601000,1.4649000,8101459.7
1748113200000,1.4648000,1.4749000,1.4593000,1.4702000,6203156.7
1748116800000,1.4703000,1.4904000,1.4678000,1.4739000,5411038.4
1748120400000,1.4739000,1.4775000,1.4472000,1.4587000,7106010.8
1748124000000,1.4588000,1.4609000,1.4404000,1.4427000,6515811.9
1748127600000,1.4427000,1.4510000,1.4250000,1.4297000,15746304.2
1748131200000,1.4301000,1.4500000,1.4000000,1.4101000,15862147.7
1748134800000,1.4102000,1.4105000,1.3861000,1.3943000,14061973.5
1748138400000,1.3944000,1.4095000,1.3813000,1.3947000,9896943.7
1748142000000,1.3948000,1.4092000,1.3899000,1.3908000,7143009.0
1748145600000,1.3907000,1.4037000,1.3753000,1.3989000,8134678.8
1748149200000,1.3988000,1.4095000,1.3943000,1.4068000,7166341.8
1748152800000,1.4067000,1.4070000,1.3920000,1.3988000,3712533.2
1748156400000,1.3988000,1.3991000,1.3703000,1.3798000,10413188.5
1748160000000,1.3799000,1.3825000,1.3607000,1.3705000,13129228.6
1748163600000,1.3706000,1.3878000,1.3632000,1.3866000,9685130.6
1748167200000,1.3867000,1.3876000,1.3714000,1.3753000,5688333.9
1748170800000,1.3753000,1.3827000,1.3707000,1.3803000,4541793.8
1748174400000,1.3804000,1.3815000,1.3627000,1.3766000,11217798.5
1748178000000,1.3767000,1.3893000,1.3659000,1.3788000,7619146.6
1748181600000,1.3789000,1.3848000,1.3580000,1.3662000,9541359.3
1748185200000,1.3663000,1.3730000,1.3423000,1.3682000,17827129.9
1748188800000,1.3682000,1.3713000,1.3482000,1.3664000,7019013.8
1748192400000,1.3664000,1.3780000,1.3603000,1.3777000,6242754.1
1748196000000,1.3777000,1.3904000,1.3714000,1.3845000,7472640.0
1748199600000,1.3844000,1.4037000,1.3834000,1.3948000,8136843.6
1748203200000,1.3948000,1.4000000,1.3863000,1.3890000,5610091.0
1748206800000,1.3890000,1.4001000,1.3824000,1.3905000,4853314.7
1748210400000,1.3906000,1.4623000,1.3881000,1.4557000,23828666.4
1748214000000,1.4558000,1.4614000,1.4359000,1.4582000,11682488.8
1748217600000,1.4582000,1.4748000,1.4525000,1.4719000,9698206.7
1748221200000,1.4720000,1.4745000,1.4468000,1.4531000,7915204.0
1748224800000,1.4532000,1.4541000,1.4318000,1.4387000,7678825.5
1748228400000,1.4388000,1.4500000,1.4341000,1.4368000,5127506.2
1748232000000,1.4368000,1.4388000,1.4207000,1.4356000,7658208.2
1748235600000,1.4356000,1.4526000,1.4331000,1.4483000,6689404.1
1748239200000,1.4482000,1.4536000,1.4405000,1.4521000,5153554.3
1748242800000,1.4521000,1.4663000,1.4357000,1.4506000,11203026.5
1748246400000,1.4506000,1.4539000,1.4308000,1.4345000,7309886.9
1748250000000,1.4345000,1.4565000,1.4274000,1.4418000,10228723.8
1748253600000,1.4418000,1.4494000,1.4317000,1.4371000,5173544.4
1748257200000,1.4371000,1.4411000,1.4238000,1.4317000,5088586.7
1748260800000,1.4317000,1.4456000,1.4261000,1.4400000,4881195.4
1748264400000,1.4401000,1.4464000,1.4142000,1.4208000,8577187.1
1748268000000,1.4208000,1.4333000,1.4030000,1.4133000,14239357.5
1748271600000,1.4132000,1.4413000,1.4062000,1.4330000,11685683.6
1748275200000,1.4331000,1.4474000,1.4011000,1.4093000,18837075.5
1748278800000,1.4096000,1.4160000,1.3785000,1.3854000,13477401.5
1748282400000,1.3854000,1.4022000,1.3790000,1.3948000,6396929.1
1748286000000,1.3949000,1.3990000,1.3743000,1.3822000,7336857.0
1748289600000,1.3822000,1.4061000,1.3740000,1.4047000,7400333.6
1748293200000,1.4048000,1.4069000,1.3931000,1.4000000,3871540.9
1748296800000,1.4001000,1.4117000,1.3769000,1.3818000,7387928.7
1748300400000,1.3819000,1.3898000,1.3754000,1.3886000,4299782.2
1748304000000,1.3886000,1.4057000,1.3603000,1.3625000,13092589.3
1748307600000,1.3629000,1.3634000,1.3328000,1.3544000,20666452.6
1748311200000,1.3545000,1.3750000,1.3526000,1.3643000,8901289.6
1748314800000,1.3643000,1.4128000,1.3641000,1.4072000,11938021.6
1748318400000,1.4072000,1.4160000,1.3944000,1.3951000,6751827.1
1748322000000,1.3951000,1.4075000,1.3866000,1.4030000,6270899.5
1748325600000,1.4030000,1.4146000,1.3880000,1.3883000,9536959.9
1748329200000,1.3883000,1.4172000,1.3882000,1.4108000,7168440.8
1748332800000,1.4109000,1.4400000,1.4109000,1.4276000,15162685.0
1748336400000,1.4278000,1.4385000,1.4145000,1.4382000,8823180.2
1748340000000,1.4381000,1.4431000,1.4277000,1.4360000,8264866.4
1748343600000,1.4359000,1.4381000,1.4204000,1.4346000,4519296.1
1748347200000,1.4345000,1.4438000,1.4239000,1.4369000,6224615.6
1748350800000,1.4368000,1.4658000,1.4130000,1.4152000,26630011.0
1748354400000,1.4151000,1.4275000,1.3812000,1.3921000,28738801.1
1748358000000,1.3923000,1.4161000,1.3689000,1.4073000,18960993.9
1748361600000,1.4074000,1.4322000,1.3920000,1.4186000,15841792.7
1748365200000,1.4185000,1.4457000,1.4165000,1.4245000,15039259.1
1748368800000,1.4245000,1.4376000,1.3950000,1.3988000,14283461.6
1748372400000,1.3987000,1.3997000,1.3783000,1.3834000,12695518.4
1748376000000,1.3836000,1.3939000,1.3751000,1.3812000,8420248.2
1748379600000,1.3811000,1.3875000,1.3665000,1.3725000,8402948.9
1748383200000,1.3725000,1.3798000,1.3592000,1.3682000,7248069.5
1748386800000,1.3680000,1.3707000,1.3519000,1.3619000,6728906.5
1748390400000,1.3618000,1.3798000,1.3500000,1.3787000,9053822.3
1748394000000,1.3787000,1.3821000,1.3622000,1.3647000,7551638.7
1748397600000,1.3645000,1.3703000,1.3509000,1.3631000,7673201.7
1748401200000,1.3632000,1.3743000,1.3585000,1.3690000,3928607.4
1748404800000,1.3688000,1.3754000,1.3582000,1.3690000,4379191.0
1748408400000,1.3689000,1.3772000,1.3604000,1.3740000,3904704.6
1748412000000,1.3739000,1.3741000,1.3533000,1.3547000,5246699.4
1748415600000,1.3547000,1.3631000,1.3513000,1.3540000,4591335.9
1748419200000,1.3540000,1.3651000,1.3426000,1.3626000,10365723.1
1748422800000,1.3625000,1.3636000,1.3386000,1.3518000,7604843.9
1748426400000,1.3518000,1.3626000,1.3429000,1.3585000,7535207.4
1748430000000,1.3584000,1.3756000,1.3582000,1.3718000,7151286.1
1748433600000,1.3718000,1.3873000,1.3671000,1.3738000,9860180.6
1748437200000,1.3739000,1.3777000,1.3373000,1.3417000,18240518.7
1748440800000,1.3416000,1.3441000,1.2972000,1.2984000,34160537.3
1748444400000,1.2982000,1.3017000,1.2719000,1.2747000,31120044.7
1748448000000,1.2748000,1.3057000,1.2748000,1.3056000,16078112.2
1748451600000,1.3056000,1.3171000,1.2902000,1.2964000,12929290.9
1748455200000,1.2965000,1.3041000,1.2744000,1.2763000,10703747.4
1748458800000,1.2763000,1.2873000,1.2538000,1.2560000,22980272.2
1748462400000,1.2563000,1.2682000,1.2189000,1.2663000,42804451.4
1748466000000,1.2664000,1.2938000,1.2604000,1.2917000,13564689.0
1748469600000,1.2916000,1.2916000,1.2636000,1.2691000,14724027.6
1748473200000,1.2691000,1.3150000,1.2680000,1.2967000,19841040.9
1748476800000,1.2967000,1.3206000,1.2811000,1.3200000,16495939.7
1748480400000,1.3201000,1.3216000,1.2984000,1.3040000,10362958.7
1748484000000,1.3040000,1.3374000,1.2941000,1.3298000,13127402.2
1748487600000,1.3298000,1.3328000,1.3019000,1.3072000,9421432.4
1748491200000,1.3072000,1.3126000,1.2710000,1.2879000,17128148.3
1748494800000,1.2881000,1.2960000,1.2816000,1.2872000,6522741.6
1748498400000,1.2871000,1.2970000,1.2850000,1.2920000,4939905.0
1748502000000,1.2920000,1.2963000,1.2801000,1.2884000,5513969.1
1748505600000,1.2884000,1.3123000,1.2798000,1.3084000,10062181.2
1748509200000,1.3082000,1.3082000,1.2894000,1.2944000,7687218.6
1748512800000,1.2945000,1.2964000,1.2821000,1.2915000,5526136.6
1748516400000,1.2916000,1.2992000,1.2749000,1.2814000,11607806.1
1748520000000,1.2813000,1.2840000,1.2644000,1.2712000,13404146.5
1748523600000,1.2712000,1.2809000,1.2572000,1.2675000,12173447.3
1748527200000,1.2674000,1.2786000,1.2322000,1.2742000,31729024.8
1748530800000,1.2742000,1.2854000,1.2438000,1.2487000,14793847.4
1748534400000,1.2488000,1.2609000,1.2291000,1.2362000,18501299.0
1748538000000,1.2361000,1.2587000,1.2332000,1.2485000,13519728.6
1748541600000,1.2486000,1.2587000,1.2216000,1.2260000,14254368.9
1748545200000,1.2258000,1.2367000,1.2095000,1.2224000,16949576.1
1748548800000,1.2224000,1.2402000,1.2221000,1.2370000,11287241.4
1748552400000,1.2371000,1.2554000,1.2349000,1.2523000,7538878.1
1748556000000,1.2523000,1.2532000,1.2220000,1.2280000,9383076.3
1748559600000,1.2281000,1.2322000,1.2024000,1.2101000,13083208.4
1748563200000,1.2102000,1.2162000,1.1031000,1.1352000,46793835.5
1748566800000,1.1350000,1.1757000,1.1295000,1.1531000,40227148.6
1748570400000,1.1530000,1.1784000,1.1516000,1.1702000,14055295.7
1748574000000,1.1701000,1.1735000,1.1610000,1.1633000,8376404.5
1748577600000,1.1634000,1.1635000,1.1422000,1.1472000,11745910.9
1748581200000,1.1471000,1.1570000,1.1241000,1.1318000,14582193.6
1748584800000,1.1317000,1.1339000,1.1150000,1.1271000,18057220.2
1748588400000,1.1270000,1.1361000,1.1121000,1.1204000,18179068.8
1748592000000,1.1205000,1.1441000,1.1164000,1.1317000,12736218.2
1748595600000,1.1316000,1.1392000,1.1023000,1.1354000,19963657.7
1748599200000,1.1353000,1.1631000,1.1245000,1.1631000,20147691.6
1748602800000,1.1631000,1.1631000,1.1408000,1.1462000,11289507.3
1748606400000,1.1463000,1.1505000,1.1216000,1.1336000,18211048.0
1748610000000,1.1336000,1.1414000,1.1069000,1.1072000,20359972.0
1748613600000,1.1072000,1.1156000,1.0832000,1.0986000,32347968.9
1748617200000,1.0986000,1.1200000,1.0927000,1.0962000,18166104.7
1748620800000,1.0962000,1.1033000,1.0300000,1.0645000,58386806.6
1748624400000,1.0646000,1.0799000,1.0360000,1.0497000,36556002.3
1748628000000,1.0497000,1.0837000,1.0448000,1.0696000,21153022.2
1748631600000,1.0696000,1.0950000,1.0641000,1.0848000,17068012.0
1748635200000,1.0848000,1.0866000,1.0686000,1.0703000,9361236.1
1748638800000,1.0704000,1.0890000,1.0681000,1.0725000,7522129.8
1748642400000,1.0726000,1.0790000,1.0450000,1.0454000,16232699.0
1748646000000,1.0453000,1.0646000,1.0311000,1.0556000,25145851.5
1748649600000,1.0558000,1.0653000,1.0300000,1.0533000,21861275.0
1748653200000,1.0533000,1.0537000,1.0228000,1.0319000,30429063.9
1748656800000,1.0318000,1.0473000,1.0144000,1.0178000,20095785.8
1748660400000,1.0179000,1.0249000,1.0014000,1.0228000,21898300.7
1748664000000,1.0229000,1.0500000,1.0012000,1.0497000,22817729.4
1748667600000,1.0497000,1.0568000,1.0299000,1.0326000,17322600.1
1748671200000,1.0326000,1.0483000,1.0219000,1.0440000,13362279.5
1748674800000,1.0440000,1.0606000,1.0351000,1.0525000,9925369.6
1748678400000,1.0526000,1.0740000,1.0503000,1.0684000,14144597.3
1748682000000,1.0685000,1.0715000,1.0509000,1.0625000,12167407.3
1748685600000,1.0625000,1.0695000,1.0426000,1.0617000,13685013.0
1748689200000,1.0617000,1.0644000,1.0495000,1.0516000,6365364.1
1748692800000,1.0515000,1.0943000,1.0504000,1.0927000,17568613.2
1748696400000,1.0926000,1.1120000,1.0870000,1.0946000,20942758.6
1748700000000,1.0945000,1.1088000,1.0922000,1.1030000,13035266.1
1748703600000,1.1030000,1.1169000,1.0842000,1.0862000,19187606.7
1748707200000,1.0862000,1.1059000,1.0792000,1.0940000,12862905.1
1748710800000,1.0939000,1.0962000,1.0736000,1.0776000,10658346.4
1748714400000,1.0776000,1.0972000,1.0749000,1.0944000,7050805.1
1748718000000,1.0945000,1.1127000,1.0945000,1.0986000,9498746.6
1748721600000,1.0985000,1.1030000,1.0898000,1.0962000,5315849.0
1748725200000,1.0962000,1.1043000,1.0850000,1.0900000,8601844.2
1748728800000,1.0900000,1.0917000,1.0720000,1.0720000,7220542.5
1748732400000,1.0720000,1.0852000,1.0682000,1.0734000,9318106.0
1748736000000,1.0734000,1.0842000,1.0680000,1.0805000,6326000.8
1748739600000,1.0806000,1.0860000,1.0691000,1.0745000,5378802.4
1748743200000,1.0744000,1.0922000,1.0621000,1.0842000,7837345.7
1748746800000,1.0843000,1.0860000,1.0687000,1.0779000,6219184.1
1748750400000,1.0779000,1.1046000,1.0746000,1.0979000,7944599.7
1748754000000,1.0980000,1.1111000,1.0951000,1.0960000,8011809.2
1748757600000,1.0959000,1.0973000,1.0770000,1.0774000,7708143.3
1748761200000,1.0774000,1.0774000,1.0552000,1.0646000,18111634.9
1748764800000,1.0645000,1.0693000,1.0564000,1.0604000,8337919.1
1748768400000,1.0605000,1.0623000,1.0360000,1.0495000,17995334.2
1748772000000,1.0495000,1.0535000,1.0411000,1.0523000,9395960.9
1748775600000,1.0524000,1.0664000,1.0473000,1.0632000,10174012.8
1748779200000,1.0632000,1.0667000,1.0482000,1.0544000,9556805.7
1748782800000,1.0543000,1.0791000,1.0523000,1.0788000,10986699.2
1748786400000,1.0788000,1.1185000,1.0784000,1.1109000,20262225.0
1748790000000,1.1109000,1.1449000,1.1031000,1.1196000,24716266.6
1748793600000,1.1196000,1.1461000,1.1155000,1.1316000,19635666.5
1748797200000,1.1318000,1.1383000,1.1243000,1.1282000,8222677.5
1748800800000,1.1281000,1.1284000,1.1016000,1.1205000,16969056.4
1748804400000,1.1207000,1.1396000,1.1187000,1.1344000,11282693.2
1748808000000,1.1344000,1.1544000,1.1253000,1.1435000,15442599.5
1748811600000,1.1436000,1.1742000,1.1431000,1.1668000,13011502.1
1748815200000,1.1669000,1.1696000,1.1524000,1.1554000,8905549.5
1748818800000,1.1553000,1.1679000,1.1420000,1.1486000,13270595.5
1748822400000,1.1487000,1.1490000,1.1396000,1.1418000,5565219.7
1748826000000,1.1419000,1.1515000,1.1371000,1.1375000,7068590.4
1748829600000,1.1375000,1.1391000,1.1250000,1.1279000,8381927.5
1748833200000,1.1279000,1.1312000,1.1203000,1.1216000,7887879.0
1748836800000,1.1215000,1.1304000,1.1128000,1.1153000,7038774.4
1748840400000,1.1153000,1.1207000,1.1096000,1.1163000,9122940.8
1748844000000,1.1163000,1.1305000,1.1036000,1.1185000,14449024.6
1748847600000,1.1186000,1.1298000,1.1150000,1.1197000,7239159.5
1748851200000,1.1197000,1.1298000,1.0990000,1.1064000,14193062.8
1748854800000,1.1064000,1.1072000,1.0669000,1.0693000,30219293.2
1748858400000,1.0693000,1.0875000,1.0643000,1.0839000,20426741.8
1748862000000,1.0841000,1.0909000,1.0698000,1.0823000,12672264.0
1748865600000,1.0822000,1.0944000,1.0709000,1.0892000,15393175.0
1748869200000,1.0894000,1.1004000,1.0712000,1.0759000,17513715.3
1748872800000,1.0756000,1.1013000,1.0685000,1.0891000,18982278.4
1748876400000,1.0890000,1.0991000,1.0784000,1.0928000,11961609.2
1748880000000,1.0929000,1.0994000,1.0741000,1.0946000,14637003.9
1748883600000,1.0947000,1.1020000,1.0826000,1.1006000,11346461.1
1748887200000,1.1004000,1.1227000,1.0892000,1.0906000,18256166.8
1748890800000,1.0908000,1.0968000,1.0695000,1.0790000,14920326.9
1748894400000,1.0790000,1.1249000,1.0790000,1.1236000,19238424.5
1748898000000,1.1236000,1.1332000,1.1132000,1.1292000,10424411.3
1748901600000,1.1291000,1.1555000,1.1288000,1.1465000,15194647.6
1748905200000,1.1466000,1.1542000,1.1310000,1.1440000,14523477.0
1748908800000,1.1440000,1.1740000,1.1377000,1.1702000,16216953.8
1748912400000,1.1702000,1.1972000,1.1702000,1.1929000,18507431.7
1748916000000,1.1930000,1.1941000,1.1655000,1.1689000,14353693.8
1748919600000,1.1688000,1.1729000,1.1523000,1.1581000,13806569.5
1748923200000,1.1581000,1.1618000,1.1428000,1.1505000,7149911.7
1748926800000,1.1506000,1.1571000,1.1472000,1.1537000,5582447.1
1748930400000,1.1538000,1.1553000,1.1409000,1.1544000,6741456.1
1748934000000,1.1545000,1.1554000,1.1302000,1.1325000,12414871.7
1748937600000,1.1326000,1.1367000,1.1177000,1.1266000,12965533.4
1748941200000,1.1267000,1.1335000,1.1195000,1.1293000,6474215.3
1748944800000,1.1292000,1.1406000,1.1248000,1.1396000,9586009.3
1748948400000,1.1396000,1.1450000,1.1303000,1.1365000,6951684.5
1748952000000,1.1366000,1.1439000,1.1304000,1.1386000,6799475.1
1748955600000,1.1387000,1.1749000,1.1386000,1.1589000,23516091.0
1748959200000,1.1589000,1.2000000,1.1446000,1.1968000,26911447.0
1748962800000,1.1967000,1.2089000,1.1678000,1.1734000,27197205.3
1748966400000,1.1733000,1.1768000,1.1522000,1.1534000,14659331.7
1748970000000,1.1535000,1.1724000,1.1504000,1.1617000,9983614.4
1748973600000,1.1617000,1.1625000,1.1451000,1.1517000,9327866.5
1748977200000,1.1515000,1.1720000,1.1510000,1.1585000,10789817.8
1748980800000,1.1587000,1.1605000,1.0573000,1.0757000,68205866.7
1748984400000,1.0758000,1.0893000,0.9411000,0.9932000,90051071.0
1748988000000,0.9933000,1.0394000,0.9718000,1.0235000,66512338.3
1748991600000,1.0236000,1.0529000,1.0151000,1.0282000,35039267.7
1748995200000,1.0281000,1.0422000,1.0128000,1.0286000,24251514.7
1748998800000,1.0285000,1.0566000,1.0262000,1.0403000,20901790.1
1749002400000,1.0403000,1.0692000,1.0379000,1.0581000,21741169.4
1749006000000,1.0581000,1.0846000,1.0553000,1.0644000,19634842.9
1749009600000,1.0644000,1.0703000,1.0551000,1.0627000,11104465.7
1749013200000,1.0627000,1.0672000,1.0512000,1.0548000,11578082.9
1749016800000,1.0548000,1.0689000,1.0495000,1.0583000,8258284.2
1749020400000,1.0584000,1.0653000,1.0454000,1.0517000,9394911.7
1749024000000,1.0518000,1.0725000,1.0518000,1.0612000,12987419.1
1749027600000,1.0613000,1.0800000,1.0552000,1.0747000,14295356.7
1749031200000,1.0747000,1.0750000,1.0540000,1.0560000,14925452.7
1749034800000,1.0559000,1.0596000,1.0433000,1.0462000,13793140.2
1749038400000,1.0464000,1.0523000,1.0335000,1.0442000,17326693.9
1749042000000,1.0442000,1.0637000,1.0401000,1.0509000,18933864.8
1749045600000,1.0507000,1.0656000,1.0343000,1.0642000,20946949.2
1749049200000,1.0643000,1.0768000,1.0501000,1.0514000,20877085.2
1749052800000,1.0515000,1.0549000,1.0379000,1.0419000,16298836.9
1749056400000,1.0419000,1.0435000,1.0175000,1.0293000,26408014.2
1749060000000,1.0293000,1.0406000,1.0104000,1.0151000,22094799.2
1749063600000,1.0151000,1.0225000,0.9961000,0.9964000,26753218.2
1749067200000,0.9963000,0.9994000,0.9353000,0.9536000,68562700.3
1749070800000,0.9536000,0.9818000,0.9207000,0.9726000,47968919.5
1749074400000,0.9726000,0.9750000,0.9404000,0.9457000,25460963.2
1749078000000,0.9458000,0.9538000,0.9352000,0.9449000,17377892.1
1749081600000,0.9448000,0.9710000,0.9387000,0.9587000,17932717.3
1749085200000,0.9587000,0.9595000,0.9358000,0.9393000,10354480.3
1749088800000,0.9394000,0.9482000,0.9075000,0.9178000,27127649.4
1749092400000,0.9178000,0.9356000,0.9122000,0.9297000,16645483.5
1749096000000,0.9297000,0.9350000,0.9222000,0.9270000,8878709.8
1749099600000,0.9270000,0.9279000,0.8691000,0.8751000,59574195.3
1749103200000,0.8751000,0.8842000,0.8590000,0.8745000,32553864.3
1749106800000,0.8745000,0.9112000,0.8715000,0.9078000,30618297.2
1749110400000,0.9078000,0.9205000,0.9031000,0.9203000,20560292.4
1749114000000,0.9202000,0.9236000,0.8966000,0.9018000,19679748.8
1749117600000,0.9016000,0.9028000,0.8865000,0.8940000,14225606.7
1749121200000,0.8939000,0.8955000,0.8844000,0.8941000,14804035.1
1749124800000,0.8940000,0.9395000,0.8903000,0.9266000,51624623.5
1749128400000,0.9266000,0.9471000,0.9000000,0.9050000,47861290.5
1749132000000,0.9051000,0.9463000,0.8955000,0.9440000,54784800.9
1749135600000,0.9440000,0.9730000,0.9373000,0.9604000,53359108.4
1749139200000,0.9604000,0.9633000,0.9179000,0.9362000,57638837.8
1749142800000,0.9363000,0.9566000,0.9341000,0.9530000,30082577.6
1749146400000,0.9530000,0.9761000,0.9401000,0.9519000,41093658.5
1749150000000,0.9518000,0.9899000,0.9128000,0.9720000,79965867.3
1749153600000,0.9720000,1.0332000,0.9382000,0.9956000,139343481.1
1749157200000,0.9955000,1.0759000,0.9829000,1.0709000,106172944.8
1749160800000,1.0709000,1.0757000,1.0200000,1.0537000,70233789.7
1749164400000,1.0537000,1.0712000,1.0265000,1.0287000,38875347.1
1749168000000,1.0288000,1.0513000,1.0226000,1.0346000,32611369.0
1749171600000,1.0347000,1.0478000,1.0235000,1.0341000,21866089.9
1749175200000,1.0341000,1.0504000,1.0169000,1.0470000,23395594.9
1749178800000,1.0470000,1.0529000,1.0338000,1.0439000,16595732.1
1749182400000,1.0439000,1.0616000,1.0298000,1.0599000,22329051.0
1749186000000,1.0599000,1.0633000,1.0363000,1.0496000,21105012.2
1749189600000,1.0495000,1.0539000,1.0257000,1.0293000,20409169.4
1749193200000,1.0293000,1.0517000,1.0285000,1.0504000,21908830.3
1749196800000,1.0505000,1.0593000,1.0420000,1.0433000,23479676.4
1749200400000,1.0432000,1.0692000,1.0425000,1.0603000,25158668.7
1749204000000,1.0604000,1.0811000,1.0586000,1.0709000,23951665.3
1749207600000,1.0707000,1.0898000,1.0457000,1.0509000,40473698.8
1749211200000,1.0511000,1.0662000,1.0359000,1.0487000,35861263.4
1749214800000,1.0487000,1.0598000,1.0342000,1.0381000,26775563.5
1749218400000,1.0381000,1.0467000,1.0333000,1.0400000,21621152.9
1749222000000,1.0399000,1.0536000,0.9994000,1.0217000,54581870.2
1749225600000,1.0218000,1.0264000,0.9891000,0.9953000,35971204.0
1749229200000,0.9953000,1.0027000,0.9671000,0.9860000,43683605.0
1749232800000,0.9860000,0.9870000,0.9625000,0.9720000,24606190.5
1749236400000,0.9719000,0.9749000,0.9468000,0.9559000,23504375.1
1749240000000,0.9559000,0.9772000,0.9557000,0.9741000,24645730.9
1749243600000,0.9741000,0.9882000,0.9732000,0.9771000,18471204.8
1749247200000,0.9772000,0.9774000,0.9579000,0.9701000,14453173.3
1749250800000,0.9700000,0.9721000,0.9622000,0.9665000,8549236.9
1749254400000,0.9666000,0.9855000,0.9534000,0.9840000,20243228.1
1749258000000,0.9841000,0.9883000,0.9693000,0.9716000,10941322.5
1749261600000,0.9717000,0.9867000,0.9672000,0.9791000,12601178.9
1749265200000,0.9791000,1.0080000,0.9688000,1.0037000,25288326.8
1749268800000,1.0037000,1.0139000,0.9985000,1.0129000,12124221.2
1749272400000,1.0130000,1.0368000,1.0097000,1.0311000,20305746.0
1749276000000,1.0312000,1.0382000,1.0244000,1.0340000,14483443.6
1749279600000,1.0341000,1.0520000,1.0218000,1.0485000,15370376.8
1749283200000,1.0486000,1.0573000,1.0379000,1.0446000,17976870.0
1749286800000,1.0446000,1.0564000,1.0445000,1.0517000,12550324.8
1749290400000,1.0518000,1.0583000,1.0435000,1.0533000,12652455.4
1749294000000,1.0532000,1.0671000,1.0481000,1.0485000,14017999.0
1749297600000,1.0487000,1.0631000,1.0443000,1.0501000,15888012.2
1749301200000,1.0500000,1.0608000,1.0393000,1.0403000,18804179.7
1749304800000,1.0402000,1.0402000,1.0217000,1.0235000,19326799.7
1749308400000,1.0236000,1.0318000,1.0176000,1.0236000,12499826.7
1749312000000,1.0236000,1.0322000,1.0177000,1.0199000,11527883.4
1749315600000,1.0198000,1.0270000,0.9961000,0.9975000,17629548.3
1749319200000,0.9974000,1.0138000,0.9960000,1.0066000,14079375.2
1749322800000,1.0066000,1.0106000,1.0021000,1.0084000,6534227.0
1749326400000,1.0084000,1.0212000,0.9955000,1.0066000,16687942.5
1749330000000,1.0065000,1.0256000,1.0058000,1.0146000,11097581.8
1749333600000,1.0147000,1.0197000,1.0068000,1.0105000,8857787.1
1749337200000,1.0104000,1.0109000,0.9962000,1.0049000,9452852.3
1749340800000,1.0050000,1.0158000,0.9961000,1.0143000,10283554.9
1749344400000,1.0144000,1.0441000,1.0112000,1.0417000,19516299.5
1749348000000,1.0417000,1.0545000,1.0340000,1.0465000,13925723.7
1749351600000,1.0464000,1.0491000,1.0309000,1.0359000,10761938.8
1749355200000,1.0359000,1.0467000,1.0311000,1.0373000,8612526.3
1749358800000,1.0373000,1.0405000,1.0281000,1.0302000,6259915.0
1749362400000,1.0303000,1.0320000,1.0081000,1.0122000,13816409.3
1749366000000,1.0122000,1.0157000,0.9825000,0.9863000,22383519.4
1749369600000,0.9863000,1.0008000,0.9846000,0.9934000,14247511.9
1749373200000,0.9934000,0.9991000,0.9870000,0.9948000,12529265.9
1749376800000,0.9949000,0.9974000,0.9888000,0.9906000,10261940.8
1749380400000,0.9907000,1.0142000,0.9907000,1.0095000,17586291.8
1749384000000,1.0095000,1.0163000,0.9947000,1.0020000,14210727.7
1749387600000,1.0020000,1.0185000,0.9936000,0.9987000,16144255.8
1749391200000,0.9987000,1.0095000,0.9962000,1.0003000,8612105.2
1749394800000,1.0003000,1.0453000,0.9981000,1.0439000,25719832.8
1749398400000,1.0437000,1.0749000,1.0376000,1.0698000,33326288.8
1749402000000,1.0699000,1.0748000,1.0451000,1.0477000,29305176.1
1749405600000,1.0476000,1.0694000,1.0416000,1.0649000,18030863.8
1749409200000,1.0649000,1.0658000,1.0468000,1.0555000,16866950.5
1749412800000,1.0552000,1.0681000,1.0464000,1.0512000,13098011.4
1749416400000,1.0511000,1.0678000,1.0511000,1.0620000,8680104.9
1749420000000,1.0619000,1.0631000,1.0360000,1.0399000,14330604.3
1749423600000,1.0396000,1.0479000,1.0338000,1.0377000,10517430.1
1749427200000,1.0376000,1.0550000,1.0350000,1.0520000,12205058.9
1749430800000,1.0519000,1.0590000,1.0396000,1.0443000,8967781.6
1749434400000,1.0443000,1.0458000,1.0254000,1.0302000,13211119.7
1749438000000,1.0303000,1.0383000,1.0200000,1.0366000,11936965.2
1749441600000,1.0365000,1.0452000,1.0295000,1.0331000,14699430.4
1749445200000,1.0331000,1.0376000,1.0229000,1.0326000,13822938.0
1749448800000,1.0328000,1.0693000,1.0284000,1.0673000,21549867.5
1749452400000,1.0672000,1.0794000,1.0584000,1.0693000,24082360.3
1749456000000,1.0693000,1.0797000,1.0627000,1.0783000,17136761.0
1749459600000,1.0783000,1.0973000,1.0708000,1.0727000,31558199.5
1749463200000,1.0728000,1.1283000,1.0679000,1.1191000,44882837.9
1749466800000,1.1192000,1.1309000,1.1075000,1.1141000,23683363.9
1749470400000,1.1140000,1.1201000,1.1043000,1.1136000,18445570.7
1749474000000,1.1135000,1.1209000,1.0905000,1.0990000,26758980.1
1749477600000,1.0990000,1.1499000,1.0990000,1.1410000,39129320.7
1749481200000,1.1411000,1.1725000,1.1399000,1.1644000,35108839.1
1749484800000,1.1645000,1.1759000,1.1484000,1.1561000,28751863.7
1749488400000,1.1561000,1.1917000,1.1526000,1.1702000,28146235.2
1749492000000,1.1703000,1.1744000,1.1622000,1.1721000,13211896.5
1749495600000,1.1721000,1.1793000,1.1547000,1.1553000,17607705.4
1749499200000,1.1553000,1.1731000,1.1536000,1.1679000,13575466.3
1749502800000,1.1680000,1.1990000,1.1680000,1.1902000,27995514.9
1749506400000,1.1904000,1.1991000,1.1789000,1.1947000,16769409.9
1749510000000,1.1947000,1.2434000,1.1828000,1.2265000,38406377.8
1749513600000,1.2267000,1.2315000,1.2074000,1.2088000,21867640.3
1749517200000,1.2089000,1.2157000,1.2008000,1.2077000,12432780.0
1749520800000,1.2077000,1.2327000,1.2008000,1.2291000,14080185.9
1749524400000,1.2292000,1.2467000,1.2139000,1.2441000,16578274.0
1749528000000,1.2441000,1.2600000,1.2205000,1.2539000,22351579.2
1749531600000,1.2538000,1.2694000,1.2353000,1.2446000,25800225.6
1749535200000,1.2446000,1.2546000,1.2303000,1.2461000,17682623.4
1749538800000,1.2462000,1.2504000,1.2246000,1.2292000,16618616.8
1749542400000,1.2292000,1.2628000,1.2280000,1.2530000,21100766.9
1749546000000,1.2529000,1.2922000,1.2470000,1.2888000,27734951.8
1749549600000,1.2888000,1.2950000,1.2675000,1.2757000,20696906.0
1749553200000,1.2756000,1.3270000,1.2635000,1.3079000,37605146.0
1749556800000,1.3078000,1.3238000,1.2918000,1.2972000,23943713.0
1749560400000,1.2971000,1.3059000,1.2753000,1.2991000,27452790.5
1749564000000,1.2991000,1.2995000,1.2548000,1.2641000,27131258.4
1749567600000,1.2641000,1.2983000,1.2574000,1.2925000,24113020.4
1749571200000,1.2926000,1.2989000,1.2660000,1.2715000,16645468.7
1749574800000,1.2714000,1.2958000,1.2707000,1.2807000,11861840.3
1749578400000,1.2807000,1.3276000,1.2706000,1.3035000,26445476.2
1749582000000,1.3034000,1.3385000,1.3005000,1.3113000,32514204.7
1749585600000,1.3112000,1.3316000,1.3070000,1.3168000,22880932.7
1749589200000,1.3168000,1.3220000,1.2959000,1.3046000,14960771.2
1749592800000,1.3046000,1.3793000,1.3046000,1.3742000,37956125.5
1749596400000,1.3743000,1.3964000,1.3571000,1.3892000,22182002.1
1749600000000,1.3894000,1.3930000,1.3382000,1.3436000,17367557.4
1749603600000,1.3437000,1.3568000,1.3238000,1.3288000,15574492.4
1749607200000,1.3286000,1.3352000,1.3163000,1.3271000,12061048.7
1749610800000,1.3271000,1.3415000,1.3246000,1.3304000,8773690.2
1749614400000,1.3304000,1.3398000,1.3268000,1.3349000,5703584.6
1749618000000,1.3349000,1.3383000,1.3215000,1.3353000,6181649.4
1749621600000,1.3354000,1.3499000,1.3268000,1.3355000,9605766.5
1749625200000,1.3354000,1.3703000,1.3228000,1.3576000,15163375.7
1749628800000,1.3577000,1.3780000,1.3577000,1.3624000,14277118.2
1749632400000,1.3624000,1.3701000,1.3325000,1.3374000,14176185.4
1749636000000,1.3374000,1.3485000,1.3338000,1.3440000,9057757.6
1749639600000,1.3441000,1.3530000,1.3145000,1.3256000,13512850.6
1749643200000,1.3257000,1.4233000,1.3212000,1.4124000,52061324.7
1749646800000,1.4124000,1.4190000,1.3633000,1.3976000,32172105.9
1749650400000,1.3977000,1.4443000,1.3916000,1.4307000,33591268.5
1749654000000,1.4307000,1.4689000,1.4087000,1.4666000,34448354.0
1749657600000,1.4666000,1.5450000,1.4454000,1.4470000,73866911.0
1749661200000,1.4471000,1.4676000,1.4000000,1.4014000,36108499.6
1749664800000,1.4014000,1.4098000,1.3555000,1.3717000,46502922.8
1749668400000,1.3716000,1.4245000,1.3657000,1.4029000,35037822.3
1749672000000,1.4029000,1.4345000,1.3860000,1.4089000,24475188.6
1749675600000,1.4089000,1.4277000,1.3569000,1.3667000,24852853.1
1749679200000,1.3668000,1.3853000,1.3355000,1.3610000,32170126.7
1749682800000,1.3610000,1.3649000,1.3435000,1.3574000,12559057.8
1749686400000,1.3573000,1.3734000,1.3319000,1.3636000,19956787.7
1749690000000,1.3634000,1.3705000,1.3201000,1.3489000,16967290.5
1749693600000,1.3488000,1.3583000,1.3313000,1.3384000,12501547.3
1749697200000,1.3385000,1.3583000,1.3063000,1.3453000,24169297.8
1749700800000,1.3453000,1.3500000,1.3224000,1.3371000,15043127.2
1749704400000,1.3371000,1.3601000,1.3261000,1.3561000,14016016.1
1749708000000,1.3561000,1.3704000,1.3434000,1.3537000,13752146.6
1749711600000,1.3538000,1.3639000,1.3278000,1.3422000,15077251.9
1749715200000,1.3421000,1.3565000,1.3278000,1.3348000,14489354.3
1749718800000,1.3347000,1.3456000,1.3266000,1.3417000,9277436.9
1749722400000,1.3418000,1.3426000,1.3087000,1.3244000,20914502.9
1749726000000,1.3242000,1.3307000,1.3049000,1.3199000,20356575.5
1749729600000,1.3201000,1.3531000,1.3035000,1.3388000,35439318.9
1749733200000,1.3389000,1.3508000,1.3053000,1.3239000,29288143.1
1749736800000,1.3238000,1.3824000,1.3228000,1.3646000,29924254.3
1749740400000,1.3647000,1.3799000,1.2694000,1.2920000,60023999.6
1749744000000,1.2918000,1.3230000,1.2862000,1.3065000,34418873.6
1749747600000,1.3065000,1.3683000,1.3002000,1.3593000,32376621.0
1749751200000,1.3594000,1.3656000,1.2935000,1.3129000,40783690.8
1749754800000,1.3129000,1.3459000,1.2747000,1.2895000,40976538.8
1749758400000,1.2893000,1.3339000,1.2715000,1.2988000,53785992.5
1749762000000,1.2987000,1.3092000,1.2403000,1.2502000,42312418.4
1749765600000,1.2502000,1.2656000,1.2197000,1.2319000,31656519.0
1749769200000,1.2319000,1.2397000,1.2167000,1.2227000,18303813.2
1749772800000,1.2228000,1.2262000,1.1156000,1.1536000,108106659.8
1749776400000,1.1536000,1.1542000,1.0742000,1.0876000,79774868.5
1749780000000,1.0877000,1.1206000,1.0632000,1.1072000,58761054.7
1749783600000,1.1074000,1.1301000,1.0991000,1.1168000,36089114.5
1749787200000,1.1168000,1.1210000,1.0944000,1.1099000,29242870.5
1749790800000,1.1099000,1.1099000,1.0780000,1.0842000,29963770.4
1749794400000,1.0841000,1.1079000,1.0666000,1.1079000,30434665.7
1749798000000,1.1080000,1.1082000,1.0875000,1.1037000,23548610.4
1749801600000,1.1038000,1.1522000,1.1014000,1.1172000,46714401.8
1749805200000,1.1173000,1.1212000,1.0932000,1.1032000,34005051.2
1749808800000,1.1032000,1.1096000,1.0755000,1.0881000,28450332.3
1749812400000,1.0882000,1.1042000,1.0750000,1.0914000,26897731.5
1749816000000,1.0915000,1.1192000,1.0841000,1.1033000,31517050.6
1749819600000,1.1033000,1.1491000,1.0817000,1.1301000,50961630.4
1749823200000,1.1302000,1.1696000,1.0971000,1.1671000,53395066.6
1749826800000,1.1672000,1.2081000,1.1504000,1.1870000,70528468.3
1749830400000,1.1871000,1.2281000,1.1596000,1.1831000,57833346.7
1749834000000,1.1830000,1.1838000,1.1430000,1.1655000,39883885.4
1749837600000,1.1654000,1.1752000,1.1370000,1.1691000,51750686.9
1749841200000,1.1690000,1.1942000,1.1528000,1.1882000,36395175.3
1749844800000,1.1882000,1.2716000,1.1831000,1.2603000,52053837.5
1749848400000,1.2603000,1.2863000,1.2450000,1.2820000,30733744.8
1749852000000,1.2819000,1.2958000,1.2655000,1.2727000,24272408.2
1749855600000,1.2727000,1.2983000,1.2701000,1.2858000,17213612.2
1749859200000,1.2856000,1.2897000,1.2536000,1.2608000,25882627.1
1749862800000,1.2608000,1.2661000,1.2362000,1.2414000,22316441.5
1749866400000,1.2415000,1.2444000,1.2318000,1.2384000,9195324.3
1749870000000,1.2384000,1.2498000,1.2292000,1.2330000,10395977.7
1749873600000,1.2331000,1.2434000,1.2290000,1.2416000,6951487.0
1749877200000,1.2416000,1.2475000,1.2310000,1.2393000,7316075.5
1749880800000,1.2393000,1.2527000,1.2234000,1.2269000,14630072.7
1749884400000,1.2270000,1.2352000,1.2139000,1.2239000,16326145.4
1749888000000,1.2239000,1.2251000,1.2084000,1.2141000,15475923.7
1749891600000,1.2144000,1.2150000,1.2028000,1.2053000,11911184.1
1749895200000,1.2053000,1.2243000,1.2052000,1.2140000,13731559.3
1749898800000,1.2140000,1.2276000,1.2034000,1.2098000,13262657.5
1749902400000,1.2097000,1.2140000,1.1881000,1.1971000,23636516.2
1749906000000,1.1972000,1.2190000,1.1955000,1.2142000,20301933.9
1749909600000,1.2141000,1.2154000,1.1920000,1.1962000,14026493.1
1749913200000,1.1961000,1.2024000,1.1713000,1.1831000,28136242.7
1749916800000,1.1830000,1.1871000,1.1523000,1.1555000,25588226.9
1749920400000,1.1555000,1.1802000,1.1540000,1.1640000,20951865.8
1749924000000,1.1640000,1.1723000,1.1392000,1.1531000,23077872.8
1749927600000,1.1530000,1.1592000,1.1265000,1.1332000,18509165.8
1749931200000,1.1333000,1.1461000,1.1150000,1.1445000,31216857.6
1749934800000,1.1444000,1.1711000,1.1391000,1.1664000,22851594.0
1749938400000,1.1665000,1.1855000,1.1640000,1.1806000,19803907.0
1749942000000,1.1806000,1.2063000,1.1768000,1.1867000,18694570.4
1749945600000,1.1868000,1.2084000,1.1867000,1.2045000,14620832.5
1749949200000,1.2045000,1.2066000,1.1823000,1.1868000,12989471.4
1749952800000,1.1867000,1.1994000,1.1855000,1.1875000,9819880.8
1749956400000,1.1875000,1.1944000,1.1774000,1.1817000,9402767.0
1749960000000,1.1816000,1.1938000,1.1812000,1.1899000,7292267.5
1749963600000,1.1899000,1.2276000,1.1796000,1.2259000,20756535.1
1749967200000,1.2260000,1.2331000,1.1862000,1.1887000,23403059.0
1749970800000,1.1887000,1.1950000,1.1812000,1.1848000,14514346.3
1749974400000,1.1848000,1.1880000,1.1693000,1.1761000,15424688.9
1749978000000,1.1762000,1.1825000,1.1668000,1.1701000,12825216.6
1749981600000,1.1702000,1.1909000,1.1692000,1.1887000,15111809.9
1749985200000,1.1888000,1.2119000,1.1802000,1.2054000,23407938.1
1749988800000,1.2055000,1.2229000,1.1975000,1.2164000,19687356.6
1749992400000,1.2164000,1.2345000,1.2053000,1.2215000,22861393.8
1749996000000,1.2216000,1.2583000,1.2031000,1.2510000,32009944.5
1749999600000,1.2510000,1.2564000,1.2162000,1.2206000,22729632.3
1750003200000,1.2206000,1.2382000,1.2183000,1.2333000,15759772.6
1750006800000,1.2332000,1.2400000,1.2163000,1.2339000,13818568.4
1750010400000,1.2338000,1.2397000,1.2118000,1.2244000,14098651.7
1750014000000,1.2246000,1.2362000,1.1972000,1.2059000,21772928.9
1750017600000,1.2059000,1.2065000,1.1514000,1.1650000,36101661.4
1750021200000,1.1650000,1.2074000,1.1609000,1.2052000,23979647.4
1750024800000,1.2052000,1.2309000,1.1981000,1.2188000,27650475.0
1750028400000,1.2187000,1.2231000,1.2058000,1.2098000,11889880.9
1750032000000,1.2099000,1.2173000,1.1951000,1.2032000,13532496.7
1750035600000,1.2032000,1.2481000,1.1918000,1.2466000,23720563.0
1750039200000,1.2465000,1.2783000,1.2423000,1.2598000,30354289.3
1750042800000,1.2597000,1.2739000,1.2528000,1.2595000,12621477.3
1750046400000,1.2595000,1.2854000,1.2583000,1.2733000,17815430.3
1750050000000,1.2734000,1.2913000,1.2604000,1.2731000,17354568.4
1750053600000,1.2731000,1.2950000,1.2689000,1.2889000,14847391.8
1750057200000,1.2890000,1.3015000,1.2838000,1.2902000,15753779.8
1750060800000,1.2902000,1.2987000,1.2709000,1.2749000,15549400.1
1750064400000,1.2749000,1.2800000,1.2636000,1.2772000,13094155.4
1750068000000,1.2775000,1.2848000,1.2450000,1.2534000,18376872.0
1750071600000,1.2535000,1.2541000,1.2325000,1.2439000,27020077.8
1750075200000,1.2438000,1.2655000,1.2332000,1.2412000,25911805.4
1750078800000,1.2410000,1.2578000,1.2222000,1.2557000,27137790.6
1750082400000,1.2554000,1.2858000,1.2389000,1.2454000,54705320.2
1750086000000,1.2453000,1.2619000,1.2317000,1.2317000,26259777.6
1750089600000,1.2317000,1.2483000,1.2115000,1.2255000,24175136.3
1750093200000,1.2254000,1.2475000,1.2155000,1.2471000,22313736.6
1750096800000,1.2471000,1.2920000,1.2429000,1.2855000,33521846.8
1750100400000,1.2854000,1.3140000,1.2717000,1.2751000,40267469.2
1750104000000,1.2754000,1.2959000,1.2577000,1.2865000,28245666.0
1750107600000,1.2864000,1.3246000,1.2688000,1.3012000,35671650.2
1750111200000,1.3012000,1.3140000,1.2025000,1.2272000,58375575.7
1750114800000,1.2272000,1.2492000,1.1752000,1.1816000,52419366.9
1750118400000,1.1816000,1.1847000,1.1332000,1.1829000,73232292.6
1750122000000,1.1832000,1.1860000,1.1515000,1.1582000,29750047.9
1750125600000,1.1583000,1.1745000,1.1373000,1.1739000,36016020.7
1750129200000,1.1741000,1.2050000,1.1665000,1.1776000,39718074.3
1750132800000,1.1776000,1.1815000,1.1520000,1.1631000,19994960.2
1750136400000,1.1630000,1.1728000,1.1534000,1.1642000,14216679.4
1750140000000,1.1642000,1.1853000,1.1580000,1.1830000,16230382.9
1750143600000,1.1829000,1.1932000,1.1657000,1.1678000,16094496.8
1750147200000,1.1677000,1.1727000,1.1565000,1.1603000,15811766.6
1750150800000,1.1604000,1.1675000,1.1534000,1.1604000,14249530.6
1750154400000,1.1604000,1.1619000,1.1400000,1.1595000,18289812.3
1750158000000,1.1597000,1.1597000,1.1329000,1.1515000,18844619.8
1750161600000,1.1514000,1.1625000,1.1322000,1.1378000,25878487.8
1750165200000,1.1380000,1.1457000,1.1163000,1.1289000,34336934.2
1750168800000,1.1291000,1.1535000,1.1251000,1.1335000,24319255.6
1750172400000,1.1334000,1.1457000,1.1113000,1.1345000,41811364.2
1750176000000,1.1345000,1.1352000,1.0885000,1.0976000,56798523.0
1750179600000,1.0973000,1.1231000,1.0934000,1.1021000,33380763.5
1750183200000,1.1021000,1.1349000,1.0820000,1.1341000,27874738.3
1750186800000,1.1341000,1.1617000,1.1281000,1.1420000,39220391.0
1750190400000,1.1420000,1.1535000,1.1231000,1.1262000,26130010.2
1750194000000,1.1261000,1.1376000,1.1147000,1.1316000,21243129.1
1750197600000,1.1316000,1.1331000,1.1095000,1.1113000,15499377.1
1750201200000,1.1114000,1.1232000,1.0942000,1.0977000,15519158.5
1750204800000,1.0980000,1.1124000,1.0839000,1.1107000,21497947.3
1750208400000,1.1106000,1.1294000,1.0966000,1.1006000,20770383.1
1750212000000,1.1007000,1.1064000,1.0871000,1.0913000,15470505.2
1750215600000,1.0912000,1.1042000,1.0902000,1.1001000,14312731.2
1750219200000,1.1001000,1.1236000,1.0936000,1.1229000,16917247.9
1750222800000,1.1230000,1.1280000,1.1086000,1.1143000,13321677.3
1750226400000,1.1143000,1.1266000,1.0963000,1.1038000,17635892.2
1750230000000,1.1037000,1.1130000,1.0980000,1.1030000,10643784.2
1750233600000,1.1030000,1.1121000,1.0555000,1.0867000,39812830.1
1750237200000,1.0866000,1.0972000,1.0725000,1.0859000,19090002.2
1750240800000,1.0860000,1.0876000,1.0660000,1.0709000,19288358.8
1750244400000,1.0708000,1.0922000,1.0675000,1.0887000,17154635.5
1750248000000,1.0886000,1.0894000,1.0683000,1.0688000,18738098.3
1750251600000,1.0689000,1.0827000,1.0432000,1.0782000,47247821.3
1750255200000,1.0780000,1.1217000,1.0699000,1.1070000,55153931.2
1750258800000,1.1070000,1.1252000,1.0982000,1.1108000,27622332.8
1750262400000,1.1108000,1.1175000,1.1005000,1.1152000,15268680.4
1750266000000,1.1151000,1.1480000,1.1029000,1.1384000,33407981.9
1750269600000,1.1389000,1.1600000,1.1104000,1.1129000,47698343.3
1750273200000,1.1129000,1.1448000,1.1018000,1.1042000,38045345.0
1750276800000,1.1043000,1.1555000,1.0935000,1.1464000,30518794.7
1750280400000,1.1463000,1.1543000,1.1215000,1.1468000,25912737.7
1750284000000,1.1466000,1.1528000,1.1124000,1.1165000,17713108.8
1750287600000,1.1166000,1.1231000,1.1040000,1.1220000,11887722.6
1750291200000,1.1220000,1.1451000,1.1083000,1.1127000,19223671.0
1750294800000,1.1128000,1.1144000,1.1015000,1.1042000,13225104.0
1750298400000,1.1041000,1.1197000,1.0992000,1.1049000,11220868.8
1750302000000,1.1049000,1.1177000,1.1037000,1.1125000,5656004.3
1750305600000,1.1126000,1.1136000,1.0895000,1.1020000,12022141.7
1750309200000,1.1019000,1.1090000,1.0861000,1.0889000,10248769.5
1750312800000,1.0888000,1.0968000,1.0815000,1.0869000,9926109.3
1750316400000,1.0869000,1.0953000,1.0854000,1.0883000,7021319.3
1750320000000,1.0884000,1.0980000,1.0831000,1.0835000,9224058.9
1750323600000,1.0835000,1.1042000,1.0800000,1.0990000,11171592.5
1750327200000,1.0990000,1.1039000,1.0921000,1.0935000,10732759.3
1750330800000,1.0935000,1.0953000,1.0803000,1.0845000,10321504.7
1750334400000,1.0844000,1.0899000,1.0725000,1.0827000,14152702.3
1750338000000,1.0827000,1.0848000,1.0591000,1.0676000,18782825.5
1750341600000,1.0674000,1.0735000,1.0170000,1.0249000,40579373.8
1750345200000,1.0249000,1.0332000,0.9926000,1.0045000,55073935.2
1750348800000,1.0045000,1.0274000,1.0012000,1.0088000,31539139.8
1750352400000,1.0090000,1.0478000,1.0047000,1.0301000,31670463.1
1750356000000,1.0300000,1.0403000,1.0204000,1.0301000,16589292.1
1750359600000,1.0299000,1.0369000,1.0097000,1.0109000,17339880.6
1750363200000,1.0109000,1.0267000,1.0053000,1.0105000,16513226.3
1750366800000,1.0104000,1.0178000,1.0055000,1.0137000,12412004.4
1750370400000,1.0136000,1.0450000,1.0125000,1.0370000,21338035.2
1750374000000,1.0371000,1.0448000,1.0295000,1.0359000,11108547.8
1750377600000,1.0360000,1.0448000,1.0300000,1.0372000,9577191.4
1750381200000,1.0371000,1.0430000,1.0225000,1.0412000,9894645.8
1750384800000,1.0413000,1.0442000,1.0291000,1.0390000,6974987.5
1750388400000,1.0390000,1.0435000,1.0311000,1.0346000,7229210.0
1750392000000,1.0347000,1.0386000,1.0128000,1.0168000,15320670.3
1750395600000,1.0169000,1.0230000,1.0117000,1.0220000,8514628.7
1750399200000,1.0220000,1.0313000,1.0132000,1.0135000,11331233.4
1750402800000,1.0136000,1.0551000,1.0084000,1.0517000,29453162.3
1750406400000,1.0516000,1.0604000,1.0366000,1.0379000,24733963.1
1750410000000,1.0380000,1.0487000,1.0265000,1.0355000,13646158.1
1750413600000,1.0354000,1.0465000,1.0274000,1.0387000,10872469.2
1750417200000,1.0387000,1.0505000,1.0265000,1.0497000,13421001.1
1750420800000,1.0498000,1.0520000,1.0389000,1.0424000,11352568.7
1750424400000,1.0426000,1.0560000,1.0165000,1.0199000,23237109.2
1750428000000,1.0196000,1.0262000,0.9381000,0.9474000,91631144.0
1750431600000,0.9474000,0.9561000,0.9257000,0.9398000,54310033.8
1750435200000,0.9399000,0.9419000,0.8994000,0.9082000,63983164.9
1750438800000,0.9083000,0.9367000,0.8809000,0.9317000,67426564.6
1750442400000,0.9317000,0.9496000,0.9213000,0.9234000,43273614.4
1750446000000,0.9235000,0.9312000,0.9141000,0.9226000,26499380.0
1750449600000,0.9226000,0.9621000,0.9206000,0.9495000,34020521.2
1750453200000,0.9496000,0.9503000,0.9339000,0.9409000,13646648.2
1750456800000,0.9410000,0.9414000,0.9251000,0.9333000,16859832.1
1750460400000,0.9333000,0.9351000,0.9233000,0.9306000,11972557.4
1750464000000,0.9306000,0.9320000,0.9206000,0.9268000,9521508.6
1750467600000,0.9268000,0.9377000,0.9238000,0.9304000,8478404.0
1750471200000,0.9306000,0.9386000,0.9281000,0.9325000,6219289.0
1750474800000,0.9324000,0.9434000,0.9292000,0.9375000,7913299.7
1750478400000,0.9375000,0.9407000,0.9294000,0.9330000,8351150.0
1750482000000,0.9330000,0.9401000,0.9305000,0.9336000,5666656.0
1750485600000,0.9337000,0.9347000,0.9260000,0.9310000,8212692.8
1750489200000,0.9309000,0.9488000,0.9239000,0.9439000,13011263.0
1750492800000,0.9440000,0.9477000,0.9351000,0.9458000,9285807.1
1750496400000,0.9459000,0.9475000,0.9252000,0.9395000,18542714.6
1750500000000,0.9396000,0.9456000,0.9309000,0.9344000,10604791.9
1750503600000,0.9343000,0.9449000,0.9311000,0.9372000,9086819.3
1750507200000,0.9372000,0.9475000,0.9300000,0.9330000,10223149.6
1750510800000,0.9329000,0.9396000,0.9048000,0.9070000,27558501.0
1750514400000,0.9069000,0.9217000,0.9019000,0.9150000,25957640.1
1750518000000,0.9149000,0.9172000,0.8837000,0.9004000,29951545.6
1750521600000,0.9004000,0.9095000,0.8528000,0.8724000,56716070.1
1750525200000,0.8724000,0.8802000,0.8055000,0.8263000,73404344.6
1750528800000,0.8261000,0.8469000,0.8201000,0.8341000,39697534.3
1750532400000,0.8341000,0.8447000,0.8229000,0.8367000,28118606.7
1750536000000,0.8366000,0.8764000,0.8347000,0.8630000,40251958.2
1750539600000,0.8631000,0.8889000,0.8245000,0.8673000,62394756.4
1750543200000,0.8671000,0.8694000,0.8535000,0.8583000,21663588.4
